TPOX,6,0.044,0.021,0.02,0.016
TPOX,7,0.02,0.021,0.017,0.016
TPOX,8,0.324,0.624,0.44,0.513
TPOX,9,0.212,0.12,0.116,0.165
TPOX,10,0.104,0.037,0.056,0.032
TPOX,11,0.28,0.174,0.301,0.274
TPOX,12,0.02,0.037,0.063,0.016
TPOX,13,0.02,0.021,0.017,0.016
CSF,6,0.02,0.021,0.017,0.016
CSF,7,0.056,0.021,0.02,0.016
CSF,8,0.072,0.021,0.017,0.016
CSF,9,0.024,0.033,0.017,0.065
CSF,10,0.292,0.264,0.281,0.229
CSF,11,0.216,0.331,0.285,0.258
CSF,12,0.288,0.277,0.325,0.342
CSF,13,0.032,0.066,0.05,0.081
CSF,14,0.02,0.021,0.017,0.016
CSF,15,0.02,0.021,0.017,0.016
D3,9,0.02,0.021,0.017,0.016
D3,10,0.02,0.021,0.017,0.016
D3,11,0.02,0.021,0.017,0.016
D3,12,0.02,0.021,0.017,0.016
D3,13,0.02,0.021,0.017,0.016
D3,14,0.068,0.132,0.04,0.035
D3,15,0.312,0.24,0.351,0.348
D3,15.2,0.02,0.021,0.017,0.016
D3,16,0.292,0.236,0.298,0.361
D3,17,0.24,0.273,0.195,0.203
D3,18,0.064,0.095,0.096,0.045
D3,19,0.02,0.021,0.017,0.016
D3,20,0.02,0.021,0.017,0.016
D16,5,0.02,0.021,0.017,0.016
D16,6,0.02,0.021,0.017,0.016
D16,7,0.02,0.021,0.017,0.016
D16,8,0.02,0.021,0.033,0.016
D16,9,0.196,0.099,0.199,0.245
D16,10,0.108,0.062,0.123,0.142
D16,11,0.288,0.298,0.255,0.268
D16,12,0.22,0.351,0.209,0.21
D16,13,0.152,0.14,0.152,0.106
D16,14,0.02,0.029,0.03,0.019
D16,15,0.02,0.021,0.017,0.016
D7,6,0.02,0.021,0.017,0.016
D7,6.3,0.02,0.021,0.017,0.016
D7,7,0.02,0.025,0.017,0.016
D7,8,0.172,0.132,0.149,0.152
D7,9,0.132,0.112,0.103,0.068
D7,9.2,0.02,0.021,0.017,0.016
D7,10,0.34,0.281,0.268,0.155
D7,11,0.204,0.269,0.262,0.368
D7,12,0.116,0.14,0.175,0.197
D7,13,0.024,0.033,0.03,0.042
D7,14,0.02,0.021,0.017,0.016
D7,15,0.02,0.021,0.017,0.016
D8,8,0.02,0.021,0.017,0.016
D8,9,0.02,0.021,0.017,0.016
D8,10,0.02,0.079,0.089,0.087
D8,11,0.032,0.07,0.056,0.152
D8,12,0.116,0.116,0.109,0.139
D8,13,0.148,0.289,0.321,0.19
D8,14,0.384,0.252,0.199,0.181
D8,15,0.216,0.132,0.166,0.184
D8,16,0.064,0.033,0.033,0.061
D8,17,0.02,0.021,0.017,0.016
D8,18,0.02,0.021,0.017,0.016
D8,19,0.02,0.021,0.017,0.016
D21,23.2,0.02,0.021,0.017,0.016
D21,24,0.02,0.021,0.017,0.016
D21,24.2,0.02,0.021,0.017,0.016
D21,25,0.02,0.021,0.017,0.016
D21,26,0.02,0.021,0.017,0.016
D21,27,0.068,0.021,0.03,0.016
D21,28,0.256,0.136,0.126,0.045
D21,28.2,0.02,0.021,0.017,0.016
D21,29,0.16,0.198,0.205,0.268
D21,29.2,0.02,0.021,0.017,0.016
D21,30,0.18,0.281,0.219,0.252
D21,30.2,0.028,0.045,0.023,0.016
D21,31,0.112,0.054,0.043,0.097
D21,31.2,0.032,0.083,0.119,0.094
D21,32,0.02,0.021,0.017,0.029
D21,32.2,0.064,0.136,0.119,0.158
D21,33,0.02,0.021,0.017,0.016
D21,33.1,0.02,0.021,0.017,0.016
D21,33.2,0.02,0.021,0.063,0.035
D21,34,0.02,0.021,0.017,0.016
D21,34.2,0.02,0.021,0.017,0.016
D21,35,0.024,0.021,0.017,0.016
D21,35.2,0.02,0.021,0.017,0.016
D21,36,0.02,0.021,0.017,0.016
D21,37,0.02,0.021,0.017,0.016
D21,38,0.02,0.021,0.017,0.016
D18,7,0.02,0.021,0.017,0.016
D18,9,0.02,0.021,0.017,0.016
D18,10,0.02,0.021,0.017,0.016
D18,10.2,0.02,0.021,0.017,0.016
D18,11,0.02,0.025,0.017,0.016
D18,12,0.064,0.12,0.103,0.058
D18,13,0.056,0.128,0.096,0.172
D18,13.2,0.02,0.021,0.017,0.016
D18,14,0.084,0.207,0.175,0.185
D18,14.2,0.02,0.021,0.017,0.016
D18,15,0.204,0.157,0.159,0.153
D18,15.2,0.02,0.021,0.017,0.016
D18,16,0.16,0.116,0.123,0.146
D18,17,0.148,0.116,0.159,0.088
D18,18,0.12,0.087,0.073,0.045
D18,19,0.068,0.021,0.05,0.052
D18,20,0.048,0.021,0.026,0.036
D18,21,0.02,0.021,0.023,0.016
D18,22,0.02,0.021,0.017,0.029
D18,23,0.02,0.021,0.017,0.016
D18,24,0.02,0.021,0.017,0.016
D18,25,0.02,0.021,0.017,0.016
D18,26,0.02,0.021,0.017,0.016
FGA,15.2,0.02,0.021,0.017,0.016
FGA,16,0.02,0.021,0.017,0.016
FGA,16.2,0.02,0.021,0.017,0.016
FGA,17,0.02,0.021,0.017,0.016
FGA,17.2,0.02,0.021,0.017,0.016
FGA,18,0.02,0.021,0.017,0.042
FGA,18.2,0.02,0.021,0.017,0.016
FGA,19,0.076,0.099,0.043,0.058
FGA,19.2,0.02,0.021,0.017,0.016
FGA,20,0.044,0.116,0.119,0.052
FGA,20.2,0.02,0.021,0.017,0.016
FGA,21,0.136,0.194,0.126,0.119
FGA,21.2,0.02,0.021,0.017,0.016
FGA,22,0.196,0.178,0.195,0.152
FGA,22.2,0.02,0.021,0.017,0.016
FGA,23,0.172,0.132,0.149,0.219
FGA,23.2,0.02,0.021,0.017,0.016
FGA,24,0.144,0.124,0.123,0.19
FGA,24.2,0.02,0.021,0.017,0.016
FGA,25,0.096,0.074,0.116,0.058
FGA,25.2,0.02,0.021,0.017,0.016
FGA,26,0.052,0.041,0.056,0.035
FGA,26.2,0.02,0.021,0.017,0.016
FGA,27,0.02,0.021,0.03,0.016
FGA,27.2,0.02,0.021,0.017,0.016
FGA,28,0.02,0.021,0.017,0.016
FGA,28.2,0.02,0.021,0.017,0.016
FGA,29,0.02,0.021,0.017,0.016
FGA,29.2,0.02,0.021,0.017,0.016
FGA,30,0.02,0.021,0.017,0.016
FGA,30.2,0.02,0.021,0.017,0.016
FGA,31,0.02,0.021,0.017,0.016
FGA,31.2,0.02,0.021,0.017,0.016
FGA,32.2,0.02,0.021,0.017,0.016
FGA,33.2,0.02,0.021,0.017,0.016
FGA,34.2,0.02,0.021,0.017,0.016
FGA,42.2,0.02,0.021,0.017,0.016
FGA,43.2,0.02,0.021,0.017,0.016
FGA,44.2,0.02,0.021,0.017,0.016
FGA,45.2,0.02,0.021,0.017,0.016
FGA,46.2,0.02,0.021,0.017,0.016
FGA,47.2,0.02,0.021,0.017,0.016
FGA,48.2,0.02,0.021,0.017,0.016
FGA,50.2,0.02,0.021,0.017,0.016
FGA,51.2,0.02,0.021,0.017,0.016
D5,7,0.02,0.021,0.053,0.039
D5,8,0.06,0.021,0.03,0.016
D5,9,0.02,0.029,0.036,0.084
D5,10,0.068,0.079,0.056,0.213
D5,11,0.252,0.281,0.308,0.297
D5,12,0.344,0.351,0.338,0.248
D5,13,0.236,0.236,0.169,0.103
D5,14,0.02,0.021,0.017,0.016
D5,15,0.02,0.021,0.017,0.016
D5,16,0.02,0.021,0.017,0.016
D13,5,0.02,0.021,0.017,0.016
D13,6,0.02,0.021,0.017,0.016
D13,7,0.02,0.021,0.017,0.016
D13,8,0.02,0.161,0.099,0.284
D13,9,0.032,0.095,0.103,0.126
D13,10,0.02,0.021,0.063,0.184
D13,11,0.364,0.273,0.238,0.216
D13,12,0.376,0.326,0.315,0.139
D13,13,0.144,0.091,0.136,0.039
D13,14,0.044,0.033,0.046,0.016
D13,15,0.02,0.021,0.017,0.016
vWA,10,0.02,0.021,0.017,0.016
vWA,11,0.02,0.021,0.017,0.016
vWA,12,0.02,0.021,0.017,0.016
vWA,13,0.028,0.021,0.017,0.016
vWA,14,0.06,0.103,0.07,0.239
vWA,15,0.212,0.124,0.132,0.035
vWA,15.2,0.02,0.021,0.017,0.016
vWA,16,0.264,0.182,0.291,0.168
vWA,17,0.228,0.277,0.228,0.252
vWA,18,0.096,0.198,0.142,0.158
vWA,19,0.072,0.095,0.109,0.11
vWA,20,0.02,0.021,0.02,0.023
vWA,21,0.02,0.021,0.017,0.016
vWA,22,0.02,0.021,0.017,0.016
vWA,23,0.02,0.021,0.007,0.016
vWA,24,0.02,0.021,0.007,0.016
TH01,4,0.02,0.021,0.017,0.016
TH01,5,0.02,0.021,0.017,0.016
TH01,6,0.108,0.231,0.242,0.11
TH01,7,0.408,0.161,0.235,0.271
TH01,8,0.248,0.124,0.132,0.061
TH01,8.3,0.02,0.021,0.017,0.016
TH01,9,0.136,0.19,0.152,0.465
TH01,9.3,0.092,0.285,0.232,0.045
TH01,10,0.02,0.021,0.017,0.048
TH01,11,0.02,0.021,0.017,0.016
TH01,13.3,0.02,0.021,0.017,0.016
D2,15,0.007,0.007,0.009,0.016
D2,16,0.053,0.047,0.024,0.019
D2,17,0.108,0.173,0.212,0.055
D2,18,0.056,0.063,0.041,0.119
D2,19,0.142,0.138,0.228,0.21
D2,20,0.06,0.146,0.138,0.11
D2,21,0.14,0.026,0.026,0.039
D2,22,0.132,0.04,0.074,0.052
D2,23,0.108,0.115,0.114,0.194
D2,24,0.098,0.118,0.085,0.135
D2,25,0.081,0.106,0.052,0.055
D2,26,0.02,0.027,0.009,0.016
D2,27,0.007,0.007,0.009,0.016
D2,28,0.007,0.007,0.009,0.016
D19,9,0.007,0.007,0.009,0.016
D19,10,0.015,0.007,0.009,0.016
D19,10.2,0.007,0.007,0.009,0.016
D19,11,0.071,0.007,0.009,0.016
D19,11.2,0.007,0.007,0.009,0.016
D19,12,0.108,0.077,0.062,0.026
D19,12.2,0.063,0.007,0.019,0.016
D19,13,0.298,0.289,0.16,0.245
D19,13.2,0.057,0.017,0.086,0.048
D19,14,0.21,0.341,0.317,0.277
D19,14.2,0.042,0.009,0.05,0.077
D19,15,0.048,0.158,0.135,0.068
D19,15.2,0.034,0.027,0.088,0.155
D19,16,0.024,0.042,0.043,0.026
D19,16.2,0.024,0.017,0.029,0.048
D19,17,0.007,0.007,0.009,0.016
D19,17.2,0.007,0.007,0.009,0.016
D19,18.2,0.007,0.007,0.009,0.016
